{"count":1,"self":23.0802464,"total":23.341003999999998,"children":{"InitializeActuators":{"count":2,"self":0.000763,"total":0.000763,"children":null},"InitializeSensors":{"count":2,"self":0.00061299999999999994,"total":0.00061299999999999994,"children":null},"AgentSendState":{"count":1123,"self":0.0073479999999999995,"total":0.018064999999999998,"children":{"CollectObservations":{"count":1123,"self":0.0057789999999999994,"total":0.0057789999999999994,"children":null},"WriteActionMask":{"count":1123,"self":0.001477,"total":0.001477,"children":null},"RequestDecision":{"count":1123,"self":0.0034609999999999997,"total":0.0034609999999999997,"children":null}}},"DecideAction":{"count":1123,"self":0.0069939999999999993,"total":0.0069939999999999993,"children":null},"AgentAct":{"count":1123,"self":0.234125,"total":0.234125,"children":null}},"gauges":{"Goat.CumulativeReward":{"count":2,"max":9.764058,"min":-0.430630654,"runningAverage":4.66671371,"value":-0.430630654,"weightedAverage":7.215386}},"metadata":{"timer_format_version":"0.1.0","start_time_seconds":"1763380463","unity_version":"6000.0.58f1","command_line_arguments":"\/Applications\/Unity\/Hub\/Editor\/6000.0.58f1\/Unity.app\/Contents\/MacOS\/Unity -projectpath \/Users\/niklaslongschiefelbein\/local_documents\/Unity\/Bumper Goats -acceptSoftwareTermsForThisRunOnly -useHub -hubIPC -cloudEnvironment production","communication_protocol_version":"1.5.0","com.unity.ml-agents_version":"4.0.0","scene_name":"fight_scenario_v2","end_time_seconds":"1763380486"}}