{"count":1,"self":11.7167528,"total":11.735495,"children":{"InitializeActuators":{"count":1,"self":0.00085799999999999993,"total":0.00085799999999999993,"children":null},"InitializeSensors":{"count":1,"self":0.00075599999999999994,"total":0.00075599999999999994,"children":null},"AgentSendState":{"count":558,"self":0.004507,"total":0.011255999999999999,"children":{"CollectObservations":{"count":558,"self":0.003813,"total":0.003813,"children":null},"WriteActionMask":{"count":558,"self":0.000798,"total":0.000798,"children":null},"RequestDecision":{"count":558,"self":0.0021379999999999997,"total":0.0021379999999999997,"children":null}}},"DecideAction":{"count":558,"self":0.0037779999999999997,"total":0.0037779999999999997,"children":null},"AgentAct":{"count":558,"self":0.0015099999999999998,"total":0.0015099999999999998,"children":null}},"gauges":{},"metadata":{"timer_format_version":"0.1.0","start_time_seconds":"1761649243","unity_version":"6000.0.58f1","command_line_arguments":"\/Applications\/Unity\/Hub\/Editor\/6000.0.58f1\/Unity.app\/Contents\/MacOS\/Unity -projectpath \/Users\/Kacpe\/NDVW_Game\/Bumper-Goats -acceptSoftwareTermsForThisRunOnly -useHub -hubIPC -cloudEnvironment production","communication_protocol_version":"1.5.0","com.unity.ml-agents_version":"4.0.0","scene_name":"fight_scenario_v2","end_time_seconds":"1761649255"}}