{"count":1,"self":46.4636992,"total":46.54117,"children":{"InitializeActuators":{"count":2,"self":0.001088,"total":0.001088,"children":null},"InitializeSensors":{"count":2,"self":0.0011049999999999999,"total":0.0011049999999999999,"children":null},"AgentSendState":{"count":2105,"self":0.019429,"total":0.048743999999999996,"children":{"CollectObservations":{"count":2105,"self":0.016850999999999998,"total":0.016850999999999998,"children":null},"WriteActionMask":{"count":2105,"self":0.0037159999999999997,"total":0.0037159999999999997,"children":null},"RequestDecision":{"count":2105,"self":0.0087479999999999988,"total":0.0087479999999999988,"children":null}}},"DecideAction":{"count":2105,"self":0.019202999999999998,"total":0.019202999999999998,"children":null},"AgentAct":{"count":2105,"self":0.007319,"total":0.007319,"children":null}},"gauges":{},"metadata":{"timer_format_version":"0.1.0","start_time_seconds":"1763204507","unity_version":"6000.0.58f1","command_line_arguments":"\/Applications\/Unity\/Hub\/Editor\/6000.0.58f1\/Unity.app\/Contents\/MacOS\/Unity -projectpath \/Users\/Kacpe\/NDVW_Game\/Bumper-Goats -acceptSoftwareTermsForThisRunOnly -useHub -hubIPC -cloudEnvironment production","communication_protocol_version":"1.5.0","com.unity.ml-agents_version":"4.0.0","scene_name":"MainMenu","end_time_seconds":"1763204553"}}